Code,Link
1JANATAMF,displayCompany.php?name=1JANATAMF
1JANATAMF,displayCompany.php?name=1JANATAMF
1STPRIMFMF,displayCompany.php?name=1STPRIMFMF
AAMRANET,displayCompany.php?name=AAMRANET
AAMRATECH,displayCompany.php?name=AAMRATECH
ABBANK,displayCompany.php?name=ABBANK
ABBLPBOND,displayCompany.php?name=ABBLPBOND
ACI,displayCompany.php?name=ACI
ACIFORMULA,displayCompany.php?name=ACIFORMULA
ACMELAB,displayCompany.php?name=ACMELAB
ADNTEL,displayCompany.php?name=ADNTEL
ADVENT,displayCompany.php?name=ADVENT
AFCAGRO,displayCompany.php?name=AFCAGRO
AFTABAUTO,displayCompany.php?name=AFTABAUTO
AGNISYSL,displayCompany.php?name=AGNISYSL
AGRANINS,displayCompany.php?name=AGRANINS
AIL,displayCompany.php?name=AIL
AL-HAJTEX,displayCompany.php?name=AL-HAJTEX
ALARABANK,displayCompany.php?name=ALARABANK
ALIF,displayCompany.php?name=ALIF
ALLTEX,displayCompany.php?name=ALLTEX
AMANFEED,displayCompany.php?name=AMANFEED
AMBEEPHA,displayCompany.php?name=AMBEEPHA
AMCL(PRAN),displayCompany.php?name=AMCL(PRAN)
ANLIMAYARN,displayCompany.php?name=ANLIMAYARN
ANWARGALV,displayCompany.php?name=ANWARGALV
AOL,displayCompany.php?name=AOL
APEXFOODS,displayCompany.php?name=APEXFOODS
APEXFOOT,displayCompany.php?name=APEXFOOT
APEXSPINN,displayCompany.php?name=APEXSPINN
APEXTANRY,displayCompany.php?name=APEXTANRY
APOLOISPAT,displayCompany.php?name=APOLOISPAT
APSCLBOND,displayCompany.php?name=APSCLBOND
ARAMIT,displayCompany.php?name=ARAMIT
ARAMITCEM,displayCompany.php?name=ARAMITCEM
ARGONDENIM,displayCompany.php?name=ARGONDENIM
ASIAINS,displayCompany.php?name=ASIAINS
ASIAPACINS,displayCompany.php?name=ASIAPACINS
ATCSLGF,displayCompany.php?name=ATCSLGF
AZIZPIPES,displayCompany.php?name=AZIZPIPES
BANGAS,displayCompany.php?name=BANGAS
BANKASIA,displayCompany.php?name=BANKASIA
BARKAPOWER,displayCompany.php?name=BARKAPOWER
BATASHOE,displayCompany.php?name=BATASHOE
BATBC,displayCompany.php?name=BATBC
BBS,displayCompany.php?name=BBS
BBSCABLES,displayCompany.php?name=BBSCABLES
BDAUTOCA,displayCompany.php?name=BDAUTOCA
BDCOM,displayCompany.php?name=BDCOM
BDLAMPS,displayCompany.php?name=BDLAMPS
BDTHAI,displayCompany.php?name=BDTHAI
BDTHAIFOOD,displayCompany.php?name=BDTHAIFOOD
BDWELDING,displayCompany.php?name=BDWELDING
BEACHHATCH,displayCompany.php?name=BEACHHATCH
BENGALWTL,displayCompany.php?name=BENGALWTL
BERGERPBL,displayCompany.php?name=BERGERPBL
BEXGSUKUK,displayCompany.php?name=BEXGSUKUK
BEXIMCO,displayCompany.php?name=BEXIMCO
BGIC,displayCompany.php?name=BGIC
BNICL,displayCompany.php?name=BNICL
BPML,displayCompany.php?name=BPML
BPPL,displayCompany.php?name=BPPL
BRACBANK,displayCompany.php?name=BRACBANK
BSC,displayCompany.php?name=BSC
BSRMLTD,displayCompany.php?name=BSRMLTD
BSRMSTEEL,displayCompany.php?name=BSRMSTEEL
BXPHARMA,displayCompany.php?name=BXPHARMA
CAPMBDBLMF,displayCompany.php?name=CAPMBDBLMF
CAPMIBBLMF,displayCompany.php?name=CAPMIBBLMF
CENTRALINS,displayCompany.php?name=CENTRALINS
CENTRALPHL,displayCompany.php?name=CENTRALPHL
CITYBANK,displayCompany.php?name=CITYBANK
CITYGENINS,displayCompany.php?name=CITYGENINS
CLICL,displayCompany.php?name=CLICL
CNATEX,displayCompany.php?name=CNATEX
CONFIDCEM,displayCompany.php?name=CONFIDCEM
CONTININS,displayCompany.php?name=CONTININS
COPPERTECH,displayCompany.php?name=COPPERTECH
CROWNCEMNT,displayCompany.php?name=CROWNCEMNT
CRYSTALINS,displayCompany.php?name=CRYSTALINS
CVOPRL,displayCompany.php?name=CVOPRL
DACCADYE,displayCompany.php?name=DACCADYE
DBH,displayCompany.php?name=DBH
DBH1STMF,displayCompany.php?name=DBH1STMF
DELTALIFE,displayCompany.php?name=DELTALIFE
DESHBANDHU,displayCompany.php?name=DESHBANDHU
DGIC,displayCompany.php?name=DGIC
DHAKABANK,displayCompany.php?name=DHAKABANK
DHAKAINS,displayCompany.php?name=DHAKAINS
DOMINAGE,displayCompany.php?name=DOMINAGE
DOREENPWR,displayCompany.php?name=DOREENPWR
DSHGARME,displayCompany.php?name=DSHGARME
DULAMIACOT,displayCompany.php?name=DULAMIACOT
DUTCHBANGL,displayCompany.php?name=DUTCHBANGL
EASTERNINS,displayCompany.php?name=EASTERNINS
EASTLAND,displayCompany.php?name=EASTLAND
EASTRNLUB,displayCompany.php?name=EASTRNLUB
EBL,displayCompany.php?name=EBL
EBL1STMF,displayCompany.php?name=EBL1STMF
EBLNRBMF,displayCompany.php?name=EBLNRBMF
ECABLES,displayCompany.php?name=ECABLES
EGEN,displayCompany.php?name=EGEN
EHL,displayCompany.php?name=EHL
EIL,displayCompany.php?name=EIL
EMERALDOIL,displayCompany.php?name=EMERALDOIL
ENVOYTEX,displayCompany.php?name=ENVOYTEX
EPGL,displayCompany.php?name=EPGL
ESQUIRENIT,displayCompany.php?name=ESQUIRENIT
ETL,displayCompany.php?name=ETL
EXIM1STMF,displayCompany.php?name=EXIM1STMF
EXIMBANK,displayCompany.php?name=EXIMBANK
FAMILYTEX,displayCompany.php?name=FAMILYTEX
FARCHEM,displayCompany.php?name=FARCHEM
FAREASTLIF,displayCompany.php?name=FAREASTLIF
FASFIN,displayCompany.php?name=FASFIN
FBFIF,displayCompany.php?name=FBFIF
FEDERALINS,displayCompany.php?name=FEDERALINS
FEKDIL,displayCompany.php?name=FEKDIL
FINEFOODS,displayCompany.php?name=FINEFOODS
FIRSTFIN,displayCompany.php?name=FIRSTFIN
FIRSTSBANK,displayCompany.php?name=FIRSTSBANK
FORTUNE,displayCompany.php?name=FORTUNE
FUWANGCER,displayCompany.php?name=FUWANGCER
GBBPOWER,displayCompany.php?name=GBBPOWER
GEMINISEA,displayCompany.php?name=GEMINISEA
GENEXIL,displayCompany.php?name=GENEXIL
GENNEXT,displayCompany.php?name=GENNEXT
GHAIL,displayCompany.php?name=GHAIL
GIB,displayCompany.php?name=GIB
GLDNJMF,displayCompany.php?name=GLDNJMF
GLOBALINS,displayCompany.php?name=GLOBALINS
GP,displayCompany.php?name=GP
GPHISPAT,displayCompany.php?name=GPHISPAT
GQBALLPEN,displayCompany.php?name=GQBALLPEN
GRAMEENS2,displayCompany.php?name=GRAMEENS2
GREENDELMF,displayCompany.php?name=GREENDELMF
GREENDELT,displayCompany.php?name=GREENDELT
HAKKANIPUL,displayCompany.php?name=HAKKANIPUL
HEIDELBCEM,displayCompany.php?name=HEIDELBCEM
HFL,displayCompany.php?name=HFL
HRTEX,displayCompany.php?name=HRTEX
HWAWELLTEX,displayCompany.php?name=HWAWELLTEX
IBBL2PBOND,displayCompany.php?name=IBBL2PBOND
IBNSINA,displayCompany.php?name=IBNSINA
IBP,displayCompany.php?name=IBP
ICB,displayCompany.php?name=ICB
ICB3RDNRB,displayCompany.php?name=ICB3RDNRB
ICBAMCL2ND,displayCompany.php?name=ICBAMCL2ND
ICICL,displayCompany.php?name=ICICL
IDLC,displayCompany.php?name=IDLC
IFIC,displayCompany.php?name=IFIC
IFIC1STMF,displayCompany.php?name=IFIC1STMF
ILFSL,displayCompany.php?name=ILFSL
IMAMBUTTON,displayCompany.php?name=IMAMBUTTON
INTECH,displayCompany.php?name=INTECH
INTRACO,displayCompany.php?name=INTRACO
ISLAMIBANK,displayCompany.php?name=ISLAMIBANK
ISLAMICFIN,displayCompany.php?name=ISLAMICFIN
ISLAMIINS,displayCompany.php?name=ISLAMIINS
ISNLTD,displayCompany.php?name=ISNLTD
ITC,displayCompany.php?name=ITC
JAMUNABANK,displayCompany.php?name=JAMUNABANK
JAMUNAOIL,displayCompany.php?name=JAMUNAOIL
JANATAINS,displayCompany.php?name=JANATAINS
JHRML,displayCompany.php?name=JHRML
JMISMDL,displayCompany.php?name=JMISMDL
JUTESPINN,displayCompany.php?name=JUTESPINN
KARNAPHULI,displayCompany.php?name=KARNAPHULI
KAY&QUE,displayCompany.php?name=KAY&QUE
KBPPWBIL,displayCompany.php?name=KBPPWBIL
KDSALTD,displayCompany.php?name=KDSALTD
KEYACOSMET,displayCompany.php?name=KEYACOSMET
KOHINOOR,displayCompany.php?name=KOHINOOR
KPCL,displayCompany.php?name=KPCL
KPPL,displayCompany.php?name=KPPL
KTL,displayCompany.php?name=KTL
LANKABAFIN,displayCompany.php?name=LANKABAFIN
LEGACYFOOT,displayCompany.php?name=LEGACYFOOT
LHBL,displayCompany.php?name=LHBL
LIBRAINFU,displayCompany.php?name=LIBRAINFU
LINDEBD,displayCompany.php?name=LINDEBD
LOVELLO,displayCompany.php?name=LOVELLO
LRBDL,displayCompany.php?name=LRBDL
MAKSONSPIN,displayCompany.php?name=MAKSONSPIN
MALEKSPIN,displayCompany.php?name=MALEKSPIN
MARICO,displayCompany.php?name=MARICO
MBL1STMF,displayCompany.php?name=MBL1STMF
MEGCONMILK,displayCompany.php?name=MEGCONMILK
MEGHNACEM,displayCompany.php?name=MEGHNACEM
MEGHNAINS,displayCompany.php?name=MEGHNAINS
MEGHNALIFE,displayCompany.php?name=MEGHNALIFE
MEGHNAPET,displayCompany.php?name=MEGHNAPET
MERCANBANK,displayCompany.php?name=MERCANBANK
MERCINS,displayCompany.php?name=MERCINS
METROSPIN,displayCompany.php?name=METROSPIN
MIDASFIN,displayCompany.php?name=MIDASFIN
MIDLANDBNK,displayCompany.php?name=MIDLANDBNK
MIRACLEIND,displayCompany.php?name=MIRACLEIND
MIRAKHTER,displayCompany.php?name=MIRAKHTER
MJLBD,displayCompany.php?name=MJLBD
MLDYEING,displayCompany.php?name=MLDYEING
MONNOAGML,displayCompany.php?name=MONNOAGML
MONNOCERA,displayCompany.php?name=MONNOCERA
MONNOFABR,displayCompany.php?name=MONNOFABR
MONOSPOOL,displayCompany.php?name=MONOSPOOL
MPETROLEUM,displayCompany.php?name=MPETROLEUM
MTB,displayCompany.php?name=MTB
NAHEEACP,displayCompany.php?name=NAHEEACP
NATLIFEINS,displayCompany.php?name=NATLIFEINS
NAVANACNG,displayCompany.php?name=NAVANACNG
NAVANAPHAR,displayCompany.php?name=NAVANAPHAR
NBL,displayCompany.php?name=NBL
NCCBANK,displayCompany.php?name=NCCBANK
NCCBLMF1,displayCompany.php?name=NCCBLMF1
NEWLINE,displayCompany.php?name=NEWLINE
NFML,displayCompany.php?name=NFML
NHFIL,displayCompany.php?name=NHFIL
NITOLINS,displayCompany.php?name=NITOLINS
NORTHERN,displayCompany.php?name=NORTHERN
NORTHRNINS,displayCompany.php?name=NORTHRNINS
NPOLYMER,displayCompany.php?name=NPOLYMER
NTC,displayCompany.php?name=NTC
NTLTUBES,displayCompany.php?name=NTLTUBES
NURANI,displayCompany.php?name=NURANI
OAL,displayCompany.php?name=OAL
OIMEX,displayCompany.php?name=OIMEX
OLYMPIC,displayCompany.php?name=OLYMPIC
ONEBANKLTD,displayCompany.php?name=ONEBANKLTD
ORIONINFU,displayCompany.php?name=ORIONINFU
ORIONPHARM,displayCompany.php?name=ORIONPHARM
PADMALIFE,displayCompany.php?name=PADMALIFE
PADMAOIL,displayCompany.php?name=PADMAOIL
PAPERPROC,displayCompany.php?name=PAPERPROC
PARAMOUNT,displayCompany.php?name=PARAMOUNT
PBLPBOND,displayCompany.php?name=PBLPBOND
PDL,displayCompany.php?name=PDL
PENINSULA,displayCompany.php?name=PENINSULA
PEOPLESINS,displayCompany.php?name=PEOPLESINS
PF1STMF,displayCompany.php?name=PF1STMF
PHENIXINS,displayCompany.php?name=PHENIXINS
PHPMF1,displayCompany.php?name=PHPMF1
PIONEERINS,displayCompany.php?name=PIONEERINS
POPULAR1MF,displayCompany.php?name=POPULAR1MF
POPULARLIF,displayCompany.php?name=POPULARLIF
POWERGRID,displayCompany.php?name=POWERGRID
PRAGATIINS,displayCompany.php?name=PRAGATIINS
PRAGATILIF,displayCompany.php?name=PRAGATILIF
PREMIERBAN,displayCompany.php?name=PREMIERBAN
PREMIERCEM,displayCompany.php?name=PREMIERCEM
PREMIERLEA,displayCompany.php?name=PREMIERLEA
PRIMEBANK,displayCompany.php?name=PRIMEBANK
PRIMEFIN,displayCompany.php?name=PRIMEFIN
PRIMEINSUR,displayCompany.php?name=PRIMEINSUR
PRIMELIFE,displayCompany.php?name=PRIMELIFE
PRIMETEX,displayCompany.php?name=PRIMETEX
PROGRESLIF,displayCompany.php?name=PROGRESLIF
PROVATIINS,displayCompany.php?name=PROVATIINS
PTL,displayCompany.php?name=PTL
PUBALIBANK,displayCompany.php?name=PUBALIBANK
PURABIGEN,displayCompany.php?name=PURABIGEN
RAHIMAFOOD,displayCompany.php?name=RAHIMAFOOD
RAHIMTEXT,displayCompany.php?name=RAHIMTEXT
RANFOUNDRY,displayCompany.php?name=RANFOUNDRY
RDFOOD,displayCompany.php?name=RDFOOD
RECKITTBEN,displayCompany.php?name=RECKITTBEN
REGENTTEX,displayCompany.php?name=REGENTTEX
RELIANCE1,displayCompany.php?name=RELIANCE1
RELIANCINS,displayCompany.php?name=RELIANCINS
RENATA,displayCompany.php?name=RENATA
RENWICKJA,displayCompany.php?name=RENWICKJA
REPUBLIC,displayCompany.php?name=REPUBLIC
RNSPIN,displayCompany.php?name=RNSPIN
ROBI,displayCompany.php?name=ROBI
RSRMSTEEL,displayCompany.php?name=RSRMSTEEL
RUNNERAUTO,displayCompany.php?name=RUNNERAUTO
RUPALIINS,displayCompany.php?name=RUPALIINS
RUPALILIFE,displayCompany.php?name=RUPALILIFE
SAIFPOWER,displayCompany.php?name=SAIFPOWER
SAIHAMTEX,displayCompany.php?name=SAIHAMTEX
SALAMCRST,displayCompany.php?name=SALAMCRST
SAMATALETH,displayCompany.php?name=SAMATALETH
SAMORITA,displayCompany.php?name=SAMORITA
SANDHANINS,displayCompany.php?name=SANDHANINS
SAPORTL,displayCompany.php?name=SAPORTL
SBACBANK,displayCompany.php?name=SBACBANK
SEAPEARL,displayCompany.php?name=SEAPEARL
SEMLIBBLSF,displayCompany.php?name=SEMLIBBLSF
SHAHJABANK,displayCompany.php?name=SHAHJABANK
SHASHADNIM,displayCompany.php?name=SHASHADNIM
SHEPHERD,displayCompany.php?name=SHEPHERD
SHURWID,displayCompany.php?name=SHURWID
SHYAMPSUG,displayCompany.php?name=SHYAMPSUG
SIBL,displayCompany.php?name=SIBL
SILCOPHL,displayCompany.php?name=SILCOPHL
SIMTEX,displayCompany.php?name=SIMTEX
SINGERBD,displayCompany.php?name=SINGERBD
SINOBANGLA,displayCompany.php?name=SINOBANGLA
SKICL,displayCompany.php?name=SKICL
SKTRIMS,displayCompany.php?name=SKTRIMS
SONALIANSH,displayCompany.php?name=SONALIANSH
SONALILIFE,displayCompany.php?name=SONALILIFE
SONALIPAPR,displayCompany.php?name=SONALIPAPR
SONARBAINS,displayCompany.php?name=SONARBAINS
SONARGAON,displayCompany.php?name=SONARGAON
SOUTHEASTB,displayCompany.php?name=SOUTHEASTB
SPCERAMICS,displayCompany.php?name=SPCERAMICS
SPCL,displayCompany.php?name=SPCL
SQUARETEXT,displayCompany.php?name=SQUARETEXT
SQURPHARMA,displayCompany.php?name=SQURPHARMA
SSSTEEL,displayCompany.php?name=SSSTEEL
STANCERAM,displayCompany.php?name=STANCERAM
STANDARINS,displayCompany.php?name=STANDARINS
STANDBANKL,displayCompany.php?name=STANDBANKL
STYLECRAFT,displayCompany.php?name=STYLECRAFT
SUMITPOWER,displayCompany.php?name=SUMITPOWER
SUNLIFEINS,displayCompany.php?name=SUNLIFEINS
TAKAFULINS,displayCompany.php?name=TAKAFULINS
TALLUSPIN,displayCompany.php?name=TALLUSPIN
TAMIJTEX,displayCompany.php?name=TAMIJTEX
TILIL,displayCompany.php?name=TILIL
TITASGAS,displayCompany.php?name=TITASGAS
TOSRIFA,displayCompany.php?name=TOSRIFA
TRUSTB1MF,displayCompany.php?name=TRUSTB1MF
TRUSTBANK,displayCompany.php?name=TRUSTBANK
UCB,displayCompany.php?name=UCB
UNILEVERCL,displayCompany.php?name=UNILEVERCL
UNIONBANK,displayCompany.php?name=UNIONBANK
UNIONCAP,displayCompany.php?name=UNIONCAP
UNIONINS,displayCompany.php?name=UNIONINS
UNIQUEHRL,displayCompany.php?name=UNIQUEHRL
UNITEDFIN,displayCompany.php?name=UNITEDFIN
UNITEDINS,displayCompany.php?name=UNITEDINS
USMANIAGL,displayCompany.php?name=USMANIAGL
UTTARABANK,displayCompany.php?name=UTTARABANK
VAMLBDMF1,displayCompany.php?name=VAMLBDMF1
WALTONHIL,displayCompany.php?name=WALTONHIL
WATACHEM,displayCompany.php?name=WATACHEM
WMSHIPYARD,displayCompany.php?name=WMSHIPYARD
YPL,displayCompany.php?name=YPL
ZAHEENSPIN,displayCompany.php?name=ZAHEENSPIN
ZEALBANGLA,displayCompany.php?name=ZEALBANGLA
